Survey,Class,Class_descriptions
'MO_01_LMRX_20230518_CS_30_6_31_5_SORT_A.png',2,'1 - single bedform scale'
'MO_01_LMR_20210204_CS_43_3_44_3_SORT_A.png',1,'2 - second scale likely'
'MO_01_LMR_20210329_CS_24_8_26_0_SORT_A.png',3,'3 - complex or uncertain larger scale behavior'
'MO_01_LMR_20210329_CS_42_0_44_7_SORT_A.png',1,
'MO_01_LMR_20210428_CS_90_0_90_0_SORT_A.png',2,
'MO_01_LMR_20210602_CS_42_5_44_5_SORT_A.png',1,
'MO_01_LMR_20210609_CS_24_8_26_0_SORT_A.png',1,
'MO_01_LMR_20210622_CS_90_0_92_5_SORT_A.png',1,
'MO_01_LMR_20210706_CS_90_0_92_5_SORT_A.png',1,
'MO_01_LMR_20210802_CS_90_5_92_0_SORT_A.png',1,
'MO_01_LMR_20210809_CS_90_5_92_5_SORT_A.png',1,
'MO_01_LMR_20210816_CS_42_5_44_5_SORT_A.png',1,
'MO_01_LMR_20210819_CS_56_0_57_0_SORT_A.png',1,
'MO_01_LMR_20210823_CS_58_5_59_0_SORT_A.png',3,
'MO_01_LMR_20210825_CS_90_5_92_5_SORT_A.png',1,
'MO_01_LMR_20210921_CS_90_0_92_5_SORT_A.png',1,
'MO_01_LMR_20210930_CS_60_0_61_0_SORT_A.png',2,
'MO_01_LMR_20211013_CS_56_0_57_0_SORT_A.png',2,
'MO_01_LMR_20211015_CS_56_0_57_0_SORT_A.png',2,
'MO_01_LMR_20211118_CS_23_8_26_0_SORT_A.png',3,
'MO_01_LMR_20220329_CS_60_0_61_0_SORT_A.png',1,
'MO_01_LMR_20220330_CS_41_0_41_4_SORT_A.png',1,
'MO_01_LMR_20220330_CS_42_5_44_5_SORT_A.png',1,
'MO_01_LMR_20220407_CS_90_0_92_5_SORT_A.png',3,
'MO_01_LMR_20220419_CS_56_0_57_0_SORT_A.png',1,
'MO_01_LMR_20220421_CS_41_0_41_3_SORT_A.png',1,
'MO_01_LMR_20220421_CS_42_5_44_5_SORT_A.png',1,
'MO_01_LMR_20220426_CS_60_0_61_0_SORT_A.png',3,
'MO_01_LMR_20220708_CS_58_7_59_1_SORT_A.png',3,
'MO_01_LMR_20220715_CS_56_0_57_0_SORT_A.png',1,
'MO_01_LMR_20220729_CS_90_0_92_5_SORT_A.png',1,
'MO_01_LMR_20220805_CS_60_0_61_0_SORT_A.png',3,
'MO_01_LMR_20220817_CS_48_3_43_9_SORT_A.png',3,
'MO_01_LMR_20220826_CS_90_0_92_5_SORT_A.png',1,
'MO_01_LMR_20220909_CS_48_3_48_8_SORT_A.png',3,
'MO_01_LMR_20220915_CS_19_1_19_6_SORT_A.png',3,
'MO_01_LMR_20220922_CS_19_1_19_6_SORT_A.png',3,
'MO_01_LMR_20220925_CS_90_0_91_5_SORT_A.png',1,
'MO_01_LMR_20221006_CS_48_2_48_8_SORT_A.png',3,
'MO_01_LMR_20221114_CS_48_0_48_5_SORT_A.png',2,
'MO_01_LMR_20221116_CS_60_0_61_0_SORT_A.png',3,
'MO_01_LMR_20230320_CS_48_0_48_5_SORT_A.png',1,
'MO_01_LMR_20230321_CS_56_0_57_0_SORT_A.png',2,
'MO_01_LMR_20230321_CS_60_0_61_0_SORT_A.png',1,
'MO_01_LMR_20230322_CS_42_5_44_5_SORT_A.png',1,
'MO_01_LMR_20230323_CS_24_8_26_0_SORT_A.png',1,
'MO_01_LMR_20230405_CS_19_1_19_7_SORT_A.png',1,
'MO_01_LMR_20230405_CS_24_7_26_1_SORT_A.png',2,
'MO_01_LMR_20230410_CS_40_8_41_3_SORT_A.png',1,
'MO_01_LMR_20230410_CS_42_0_42_3_SORT_A.png',1,
'MO_01_LMR_20230410_CS_48_0_48_5_SORT_A.png',1,
'MO_01_LMR_20230411_CS_90_0_92_6_SORT_A.png',1,
'MO_01_LMR_20230418_CS_56_0_57_0_SORT_A.png',3,
'MO_01_LMR_20230418_CS_60_0_61_0_SORT_A.png',2,
'MO_01_LMR_20230419_CS_42_5_44_5_SORT_A.png',1,
'MO_01_LMR_20230424_CS_19_1_19_7_SORT_A.png',1,
'MO_01_LMR_20230424_CS_24_8_26_0_SORT_A.png',1,
'MO_01_LMR_20230516_CS_48_0_48_5_SORT_A.png',1,
'MO_01_LMR_20230518_CS_30_7_31_5_SORT_A.png',2,
'MO_01_LMR_20230525_CS_89_5_90_1_SORT_A.png',3,
'MO_01_LMR_20230531_CS_33_5_35_5_SORT_A.png',3,
'MO_01_LMR_20230601_CS_42_5_44_5_SORT_A.png',3,
'MO_01_LMR_20230605_CS_40_9_42_3_SORT_A.png',1,
'MO_01_LMR_20230605_CS_42_0_42_3_SORT_A.png',1,
'MO_01_LMR_20230606_CS_65_5_66_3_SORT_A.png',1,
'MO_01_LMR_20230627_CS_31_0_32_0_SORT_A.png',3,
'MO_01_LMR_20230627_CS_38_8_39_2_SORT_A.png',3,
'MO_01_LMR_20230719_CS_90_0_92_5_SORT_A.png',1,
'MO_01_LMR_20230801_CS_24_8_26_0_SORT_A.png',1,
'MO_01_LMR_20230823_CS_48_0_48_5_SORT_A.png',1,
'MO_01_LMR_20230823_CS_56_0_57_0_SORT_A.png',2,
'MO_01_LMR_20230906_CS_20_0_20_6_SORT_A.png',1,
'MO_01_LMR_20230916_CS_20_0_21_0_SORT_A.png',3,
'MO_01_LMR_20230927_CS_20_0_20_6_SORT_A.png',3,
'MO_01_LMR_20231024_CS_41_0_42_0_SORT_A.png',1,
'MO_01_LMR_20231024_CS_42_0_42_5_SORT_A.png',1,
'MO_01_LMR_20231024_CS_43_5_44_5_SORT_A.png',3,
'MO_01_LMR_20231108_CS_41_0_41_3_SORT_A.png',1,
'MO_01_LMR_20231108_CS_42_0_42_3_SORT_A.png',1,
'MO_01_LMR_20231109_CS_33_6_34_6_SORT_A.png',1,
'MO_01_LMR_20231110_CS_32_0_32_5_SORT_A.png',1,
'MO_01_LMR_20231112_CS_43_5_44_5_SORT_A.png',1,
'MO_01_LMR_20231112_CS_48_0_48_5_SORT_A.png',1,
'MO_01_LMR_20231113_CS_52_0_52_5_SORT_A.png',1,
'MO_01_LMR_20240124_CS_24_8_26_0_SORT_A.png',3,
'MO_01_LMR_20240321_CS_56_0_57_0_SORT_A.png',1,
'MO_01_LMR_20240322_CS_89_7_90_5_SORT_A.png',1,
'MO_01_LMR_20240402_CS_33_0_33_8_SORT_A.png',1,
'MO_01_LMR_20240409_CS_48_0_48_5_SORT_A.png',1,
'MO_01_LMR_20240409_CS_60_0_61_0_SORT_A.png',1,
'MO_01_LMR_20240410_CS_41_0_41_3_SORT_A.png',3,
'MO_01_LMR_20240410_CS_42_0_42_3_SORT_A.png',2,
'MO_01_LMR_20240410_CS_56_0_57_0_SORT_A.png',3,
'MO_01_LMR_20240513_CS_42_5_44_0_SORT_A.png',1,
'MO_01_LMR_20240806_CS_55_0_57_0_SORT_A.png',2,
'MO_01_LMR_20240806_CS_60_0_61_0_SORT_A.png',1,
'MO_01_LMR_20240807_CS_91_6_93_0_SORT_A.png',1,
'MO_01_LMR_20240820_CS_48_5_48_0_SORT_A.png',1,
'MO_01_LMR_20240916_CS_59_0_60_0_SORT_A.png',3,
'MO_01_LMR_20240917_CS_48_0_48_7_SORT_A.png',3,
'MO_01_LMR_20240917_CS_57_0_58_0_SORT_A.png',3,
'MO_01_LMR_20240924_CS_33_3_33_8_SORT_A.png',2,
'MO_01_LMR_20240924_CS_41_0_41_3_SORT_A.png',1,
'MO_01_LMR_20240924_CS_42_0_42_3_SORT_A.png',3,
'MO_01_LMR_20240924_CS_42_5_44_5_SORT_A.png',1,
'MO_01_LMR_20241001_CS_19_1_19_7_SORT_A.png',1,
'MO_01_LMR_20241003_CS_89_7_92_5_SORT_A.png',1,
'MO_01_LMR_20241007_CS_97_0_98_0_SORT_A.png',2,
'MO_01_LMR_20241010_CS_22_9_24_0_SORT_A.png',1,
'MO_01_LMR_20241010_CS_35_2_35_7_SORT_A.png',1,
'MO_01_LMR_20241011_CS_41_0_41_3_SORT_A.png',1,
'MO_01_LMR_20241011_CS_60_0_61_0_SORT_A.png',3,
'MO_01_LMR_20241017_CS_68_0_69_0_SORT_A.png',2,
'MO_01_LMR_20241018_CS_66_0_67_0_SORT_A.png',3,
'MO_01_LMR_20241031_CS_22_8_23_8_SORT_A.png',1,
'MO_01_LMR_20250331_CS_56_0_57_0_SORT_A.png',2,
'MO_02_LMR_20210121_CS_132_5_133_5_SORT_A.png',1,
'MO_02_LMR_20210127_CS_186_5_187_2_SORT_A.png',1,
'MO_02_LMR_20210329_CS_177_7_179_0_SORT_A.png',3,
'MO_02_LMR_20210414_CS_186_5_187_2_SORT_A.png',3,
'MO_02_LMR_20210510_CS_104_5_105_5_SORT_A.png',1,
'MO_02_LMR_20210511_CS_185_1_186_0_SORT_A.png',1,
'MO_02_LMR_20210512_CS_142_3_142_8_SORT_A.png',1,
'MO_02_LMR_20210512_CS_186_5_187_0_SORT_A.png',1,
'MO_02_LMR_20210524_CS_185_0_187_2_SORT_A.png',1,
'MO_02_LMR_20210601_CS_132_0_133_5_SORT_A.png',1,
'MO_02_LMR_20210608_CS_104_5_105_5_SORT_A.png',1,
'MO_02_LMR_20210621_CS_185_0_186_0_SORT_A.png',3,
'MO_02_LMR_20210622_CS_104_5_105_5_SORT_A.png',1,
'MO_02_LMR_20210623_CS_132_5_133_5_SORT_A.png',1,
'MO_02_LMR_20210624_CS_185_0_186_0_SORT_A.png',1,
'MO_02_LMR_20210708_CS_132_0_133_5_SORT_A.png',1,
'MO_02_LMR_20210714_CS_178_1_179_0_SORT_A.png',1,
'MO_02_LMR_20210727_CS_178_0_179_0_SORT_A.png',3,
'MO_02_LMR_20210728_CS_185_0_186_0_SORT_A.png',1,
'MO_02_LMR_20210810_CS_104_5_105_5_SORT_A.png',1,
'MO_02_LMR_20210811_CS_130_5_131_0_SORT_A.png',3,
'MO_02_LMR_20210812_CS_132_5_133_5_SORT_A.png',3,
'MO_02_LMR_20210819_CS_130_0_131_0_SORT_A.png',3,
'MO_02_LMR_20210819_CS_132_5_133_3_SORT_A.png',1,
'MO_02_LMR_20210824_CS_132_5_133_5_SORT_A.png',1,
'MO_02_LMR_20210824_CS_184_5_185_5_SORT_A.png',1,
'MO_02_LMR_20210827_CS_104_5_105_5_SORT_A.png',1,
'MO_02_LMR_20210830_CS_178_0_179_0_SORT_A.png',1,
'MO_02_LMR_20210831_CS_130_0_131_0_SORT_A.png',3,
'MO_02_LMR_20210831_CS_141_7_142_5_SORT_A.png',3,
'MO_02_LMR_20210831_CS_184_5_185_5_SORT_A.png',1,
'MO_02_LMR_20210903_CS_184_5_185_5_SORT_A.png',1,
'MO_02_LMR_20210907_CS_183_3_184_3_SORT_A.png',1,
'MO_02_LMR_20210913_CS_184_5_185_5_SORT_A.png',1,
'MO_02_LMR_20210920_CS_184_9_185_3_SORT_A.png',1,
'MO_02_LMR_20210921_CS_104_5_105_5_SORT_A.png',1,
'MO_02_LMR_20210922_CS_184_5_185_5_SORT_A.png',1,
'MO_02_LMR_20210924_CS_178_0_178_8_SORT_A.png',1,
'MO_02_LMR_20210929_CS_184_5_185_5_SORT_A.png',1,
'MO_02_LMR_20211001_CS_177_7_179_0_SORT_A.png',1,
'MO_02_LMR_20211005_CS_104_5_105_5_SORT_A.png',1,
'MO_02_LMR_20211005_CS_184_5_185_5_SORT_A.png',1,
'MO_02_LMR_20211013_CS_177_7_179_0_SORT_A.png',1,
'MO_02_LMR_20211014_CS_104_5_105_5_SORT_A.png',3,
'MO_02_LMR_20211018_CS_177_7_179_0_SORT_A.png',1,
'MO_02_LMR_20211019_CS_135_0_137_0_SORT_A.png',1,
'MO_02_LMR_20211021_CS_130_0_131_0_SORT_A.png',1,
'MO_02_LMR_20211021_CS_132_5_133_5_SORT_A.png',3,
'MO_02_LMR_20220328_CS_122_4_123_2_SORT_A.png',1,
'MO_02_LMR_20220405_CS_132_5_133_5_SORT_A.png',1,
'MO_02_LMR_20220405_CS_143_0_144_0_SORT_A.png',3,
'MO_02_LMR_20220407_CS_104_5_105_5_SORT_A.png',1,
'MO_02_LMR_20220414_CS_132_5_133_5_SORT_A.png',1,
'MO_02_LMR_20220418_CS_135_0_136_0_SORT_A.png',1,
'MO_02_LMR_20220425_CS_184_5_185_5_SORT_A.png',1,
'MO_02_LMR_20220505_CS_122_4_123_2_SORT_A.png',1,
'MO_02_LMR_20220505_CS_177_8_178_8_SORT_A.png',1,
'MO_02_LMR_20220625_CS_130_0_131_0_SORT_A.png',1,
'MO_02_LMR_20220625_CS_132_5_133_6_SORT_A.png',1,
'MO_02_LMR_20220625_CS_135_0_136_0_SORT_A.png',1,
'MO_02_LMR_20220719_CS_184_5_185_5_SORT_A.png',1,
'MO_02_LMR_20220730_CS_130_0_131_0_SORT_A.png',1,
'MO_02_LMR_20220730_CS_132_5_133_5_SORT_A.png',1,
'MO_02_LMR_20220730_CS_135_0_136_0_SORT_A.png',1,
'MO_02_LMR_20220803_CS_104_5_105_5_SORT_A.png',1,
'MO_02_LMR_20220812_CS_108_4_108_8_SORT_A.png',2,
'MO_02_LMR_20220812_CS_110_5_110_7_SORT_A.png',1,
'MO_02_LMR_20220919_CS_108_1_108_9_SORT_A.png',1,
'MO_02_LMR_20220921_CS_141_5_142_5_SORT_A.png',2,
'MO_02_LMR_20220922_CS_166_0_167_0_SORT_A.png',1,
'MO_02_LMR_20220922_CS_177_8_178_8_SORT_A.png',1,
'MO_02_LMR_20220924_CS_108_2_108_9_SORT_A.png',1,
'MO_02_LMR_20220924_CS_113_8_114_8_SORT_A.png',2,
'MO_02_LMR_20220929_CS_104_5_105_5_SORT_A.png',1,
'MO_02_LMR_20220929_CS_108_2_108_9_SORT_A.png',1,
'MO_02_LMR_20221026_CS_132_5_133_5_SORT_A.png',1,
'MO_02_LMR_20221026_CS_143_0_144_0_SORT_A.png',1,
'MO_02_LMR_20221104_CS_113_8_114_6_SORT_A.png',3,
'MO_02_LMR_20221108_CS_132_5_133_5_SORT_A.png',1,
'MO_02_LMR_20221115_CS_104_5_105_5_SORT_A.png',1,
'MO_02_LMR_20230329_CS_177_8_178_8_SORT_A.png',1,
'MO_02_LMR_20230329_CS_185_2_186_0_SORT_A.png',1,
'MO_02_LMR_20230330_CS_132_5_133_5_SORT_A.png',1,
'MO_02_LMR_20230406_CS_128_5_129_5_SORT_A.png',2,
'MO_02_LMR_20230417_CS_122_3_123_3_SORT_A.png',1,
'MO_02_LMR_20230417_CS_130_0_131_0_SORT_A.png',1,
'MO_02_LMR_20230419_CS_143_0_144_0_SORT_A.png',1,
'MO_02_LMR_20230510_CS_161_8_162_4_SORT_A.png',1,
'MO_02_LMR_20230524_CS_161_8_162_4_SORT_A.png',1,
'MO_02_LMR_20230525_CS_107_0_108_0_SORT_A.png',3,
'MO_02_LMR_20230601_CS_182_5_183_5_SORT_A.png',1,
'MO_02_LMR_20230606_CS_147_5_148_5_SORT_A.png',1,
'MO_02_LMR_20230607_CS_104_5_106_6_SORT_A.png',1,
'MO_02_LMR_20230607_CS_167_0_167_9_SORT_A.png',1,
'MO_02_LMR_20230608_CS_107_0_108_9_SORT_A.png',3,
'MO_02_LMR_20230612_CS_110_0_110_7_SORT_A.png',1,
'MO_02_LMR_20230613_CS_113_8_114_6_SORT_A.png',1,
'MO_02_LMR_20230613_CS_122_4_123_3_SORT_A.png',1,
'MO_02_LMR_20230614_CS_130_0_131_0_SORT_A.png',1,
'MO_02_LMR_20230614_CS_132_5_133_5_SORT_A.png',1,
'MO_02_LMR_20230629_CS_182_5_183_5_SORT_A.png',1,
'MO_02_LMR_20230630_CS_108_5_109_5_SORT_A.png',1,
'MO_02_LMR_20230713_CS_192_0_192_5_SORT_A.png',1,
'MO_02_LMR_20230815_CS_174_3_175_5_SORT_A.png',1,
'MO_02_LMR_20230816_CS_167_0_167_9_SORT_A.png',1,
'MO_02_LMR_20230817_CS_161_0_161_5_SORT_A.png',1,
'MO_02_LMR_20230817_CS_166_0_166_5_SORT_A.png',1,
'MO_02_LMR_20230818_CS_113_8_114_6_SORT_A.png',1,
'MO_02_LMR_20230822_CS_108_4_108_8_SORT_A.png',2,
'MO_02_LMR_20230831_CS_108_4_108_8_SORT_A.png',2,
'MO_02_LMR_20230907_CS_108_4_108_8_SORT_A.png',2,
'MO_02_LMR_20230907_CS_110_0_110_7_SORT_A.png',1,
'MO_02_LMR_20230908_CS_132_5_133_2_SORT_A.png',1,
'MO_02_LMR_20230908_CS_139_7_140_0_SORT_A.png',3,
'MO_02_LMR_20230921_CS_104_8_106_0_SORT_A.png',2,
'MO_02_LMR_20231005_CS_108_4_108_8_SORT_A.png',1,
'MO_02_LMR_20231011_CS_108_4_108_8_SORT_A.png',1,
'MO_02_LMR_20231017_CS_104_0_105_0_SORT_A.png',2,
'MO_02_LMR_20231018_CS_105_0_106_0_SORT_A.png',2,
'MO_02_LMR_20231018_CS_106_0_107_0_SORT_A.png',2,
'MO_02_LMR_20231018_CS_107_0_108_0_SORT_A.png',2,
'MO_02_LMR_20231018_CS_108_0_109_0_SORT_A.png',1,
'MO_02_LMR_20231018_CS_109_0_110_0_SORT_A.png',1,
'MO_02_LMR_20231019_CS_122_4_123_2_SORT_A.png',1,
'MO_02_LMR_20231019_CS_130_0_131_0_SORT_A.png',1,
'MO_02_LMR_20231023_CS_110_0_111_0_SORT_A.png',1,
'MO_02_LMR_20231025_CS_113_8_114_6_SORT_A.png',1,
'MO_02_LMR_20231025_CS_161_8_162_4_SORT_A.png',1,
'MO_02_LMR_20231025_CS_166_0_167_0_SORT_A.png',1,
'MO_02_LMR_20231027_CS_180_5_181_5_SORT_A.png',1,
'MO_02_LMR_20231031_CS_169_0_169_5_SORT_A.png',1,
'MO_02_LMR_20231031_CS_177_8_178_8_SORT_A.png',1,
'MO_02_LMR_20231101_CS_104_0_105_0_SORT_A.png',2,
'MO_02_LMR_20231101_CS_105_0_106_0_SORT_A.png',3,
'MO_02_LMR_20231101_CS_106_0_107_0_SORT_A.png',3,
'MO_02_LMR_20231101_CS_107_0_108_0_SORT_A.png',3,
'MO_02_LMR_20231102_CS_130_0_131_0_SORT_A.png',1,
'MO_02_LMR_20231102_CS_132_5_133_5_SORT_A.png',1,
'MO_02_LMR_20231120_CS_165_9_167_1_SORT_A.png',1,
'MO_02_LMR_20240401_CS_108_0_109_0_SORT_A.png',1,
'MO_02_LMR_20240402_CS_107_0_108_0_SORT_A.png',1,
'MO_02_LMR_20240403_CS_105_0_106_0_SORT_A.png',1,
'MO_02_LMR_20240404_CS_101_0_102_0_SORT_A.png',1,
'MO_02_LMR_20240404_CS_106_0_107_0_SORT_A.png',1,
'MO_02_LMR_20240408_CS_158_0_158_8_SORT_A.png',1,
'MO_02_LMR_20240408_CS_161_0_161_8_SORT_A.png',1,
'MO_02_LMR_20240409_CS_143_0_144_0_SORT_A.png',1,
'MO_02_LMR_20240409_CS_148_0_149_0_SORT_A.png',1,
'MO_02_LMR_20240409_CS_149_0_150_0_SORT_A.png',1,
'MO_02_LMR_20240410_CS_177_8_178_8_SORT_A.png',1,
'MO_02_LMR_20240410_CS_179_8_180_5_SORT_A.png',1,
'MO_02_LMR_20240411_CS_172_0_172_5_SORT_A.png',1,
'MO_02_LMR_20240411_CS_182_9_183_4_SORT_A.png',1,
'MO_02_LMR_20240411_CS_184_5_185_5_SORT_A.png',1,
'MO_02_LMR_20240423_CS_101_0_102_0_SORT_A.png',1,
'MO_02_LMR_20240423_CS_104_0_105_0_SORT_A.png',1,
'MO_02_LMR_20240423_CS_105_0_106_0_SORT_A.png',3,
'MO_02_LMR_20240423_CS_177_8_178_8_SORT_A.png',1,
'MO_02_LMR_20240423_CS_179_8_180_5_SORT_A.png',1,
'MO_02_LMR_20240423_CS_182_5_183_5_SORT_A.png',1,
'MO_02_LMR_20240425_CS_108_0_109_0_SORT_A.png',3,
'MO_02_LMR_20240425_CS_148_0_149_0_SORT_A.png',1,
'MO_02_LMR_20240425_CS_161_0_161_8_SORT_A.png',1,
'MO_02_LMR_20240724_CS_106_0_107_8_SORT_A.png',3,
'MO_02_LMR_20240724_CS_107_0_108_0_SORT_A.png',1,
'MO_02_LMR_20240725_CS_130_0_131_0_SORT_A.png',3,
'MO_02_LMR_20240730_CS_192_0_192_5_SORT_A.png',1,
'MO_02_LMR_20240731_CS_108_0_109_0_SORT_A.png',1,
'MO_02_LMR_20240801_CS_148_0_149_0_SORT_A.png',1,
'MO_02_LMR_20240801_CS_149_0_150_0_SORT_A.png',1,
'MO_02_LMR_20240805_CS_179_8_180_5_SORT_A.png',3,
'MO_02_LMR_20240805_CS_182_5_183_5_SORT_A.png',3,
'MO_02_LMR_20240807_CS_101_0_102_0_SORT_A.png',1,
'MO_02_LMR_20240812_CS_110_0_111_0_SORT_A.png',1,
'MO_02_LMR_20240821_CS_148_0_149_0_SORT_A.png',3,
'MO_02_LMR_20240821_CS_149_0_150_0_SORT_A.png',1,
'MO_02_LMR_20240822_CS_177_8_178_8_SORT_A.png',1,
'MO_02_LMR_20240822_CS_179_8_180_5_SORT_A.png',2,
'MO_02_LMR_20240827_CS_105_0_106_0_SORT_A.png',1,
'MO_02_LMR_20240827_CS_106_0_107_0_SORT_A.png',1,
'MO_02_LMR_20240827_CS_107_0_108_0_SORT_A.png',1,
'MO_02_LMR_20240827_CS_108_0_109_0_SORT_A.png',3,
'MO_02_LMR_20240827_CS_110_0_111_0_SORT_A.png',3,
'MO_02_LMR_20240827_CS_130_0_131_0_SORT_A.png',3,
'MO_02_LMR_20240828_CS_122_4_123_2_SORT_A.png',3,
'MO_02_LMR_20240828_CS_132_5_133_5_SORT_A.png',1,
'MO_02_LMR_20240829_CS_135_0_136_0_SORT_A.png',1,
'MO_02_LMR_20240829_CS_141_9_142_5_SORT_A.png',3,
'MO_02_LMR_20240904_CS_172_0_174_0_SORT_A.png',3,
'MO_02_LMR_20240904_CS_175_0_175_5_SORT_A.png',1,
'MO_02_LMR_20240918_CS_183_5_184_0_SORT_A.png',2,
'MO_02_LMR_20240924_CS_161_0_161_8_SORT_A.png',1,
'MO_02_LMR_20240925_CS_190_5_191_0_SORT_A.png',1,
'MO_02_LMR_20240925_CS_192_0_192_5_SORT_A.png',1,
'MO_02_LMR_20240926_CS_110_0_111_0_SORT_A.png',2,
'MO_02_LMR_20240927_CS_184_5_186_0_SORT_A.png',1,
'MO_02_LMR_20241007_CS_110_0_111_0_SORT_A.png',3,
'MO_02_LMR_20241008_CS_175_0_176_0_SORT_A.png',1,
'MO_02_LMR_20241015_CS_142_0_143_0_SORT_A.png',3,
'MO_02_LMR_20241021_CS_142_0_143_0_SORT_A.png',3,
'MO_02_LMR_20241024_CS_110_0_111_0_SORT_A.png',2,
'MO_02_LMR_20241030_CS_182_5_183_5_SORT_A.png',3,
'MO_02_LMR_20241031_CS_158_0_159_0_SORT_A.png',1,
'MO_02_LMR_20250417_CS_148_0_149_0_SORT_A.png',1,
'MO_03_LMR_20210106_CS_281_5_282_5_SORT_A.png',1,
'MO_03_LMR_20210325_CS_281_5_282_5_SORT_A.png',2,
'MO_03_LMR_20210422_CS_281_5_282_5_SORT_A.png',2,
'MO_03_LMR_20210506_CS_280_0_282_0_SORT_A.png',1,
'MO_03_LMR_20210514_CS_280_0_281_1_SORT_A.png',1,
'MO_03_LMR_20210526_CS_280_0_280_5_SORT_A.png',1,
'MO_03_LMR_20210526_CS_280_5_281_0_SORT_A.png',1,
'MO_03_LMR_20210611_CS_280_0_281_1_SORT_A.png',1,
'MO_03_LMR_20210614_CS_213_7_214_8_SORT_A.png',1,
'MO_03_LMR_20210618_CS_280_0_281_1_SORT_A.png',1,
'MO_03_LMR_20210623_CS_270_0_271_5_SORT_A.png',1,
'MO_03_LMR_20210701_CS_270_0_271_5_SORT_A.png',1,
'MO_03_LMR_20210702_CS_280_0_281_1_SORT_A.png',1,
'MO_03_LMR_20210702_CS_281_7_282_5_SORT_A.png',1,
'MO_03_LMR_20210706_CS_280_0_281_2_SORT_A.png',1,
'MO_03_LMR_20210708_CS_213_7_214_8_SORT_A.png',1,
'MO_03_LMR_20210715_CS_217_0_218_0_SORT_A.png',1,
'MO_03_LMR_20210715_CS_238_3_239_0_SORT_A.png',1,
'MO_03_LMR_20210716_CS_270_0_271_5_SORT_A.png',1,
'MO_03_LMR_20210716_CS_280_0_281_1_SORT_A.png',1,
'MO_03_LMR_20210728_CS_213_7_214_8_SORT_A.png',1,
'MO_03_LMR_20210728_CS_216_8_217_8_SORT_A.png',1,
'MO_03_LMR_20210729_CS_280_0_281_0_SORT_A.png',1,
'MO_03_LMR_20210802_CS_281_5_282_5_SORT_A.png',2,
'MO_03_LMR_20210804_CS_270_0_270_9_SORT_A.png',1,
'MO_03_LMR_20210806_CS_270_9_271_5_SORT_A.png',1,
'MO_03_LMR_20210812_CS_280_0_281_1_SORT_A.png',1,
'MO_03_LMR_20210818_CS_270_0_271_5_SORT_A.png',1,
'MO_03_LMR_20210825_CS_280_0_281_1_SORT_A.png',1,
'MO_03_LMR_20210825_CS_281_5_282_5_SORT_A.png',1,
'MO_03_LMR_20210901_CS_270_0_271_5_SORT_A.png',1,
'MO_03_LMR_20210904_CS_213_7_214_9_SORT_A.png',1,
'MO_03_LMR_20210904_CS_216_8_217_8_SORT_A.png',3,
'MO_03_LMR_20210915_CS_270_0_271_5_SORT_A.png',1,
'MO_03_LMR_20210922_CS_213_7_214_8_SORT_A.png',1,
'MO_03_LMR_20210922_CS_216_8_217_8_SORT_A.png',3,
'MO_03_LMR_20210923_CS_280_0_281_1_SORT_A.png',2,
'MO_03_LMR_20210923_CS_281_5_282_5_SORT_A.png',1,
'MO_03_LMR_20220415_CS_213_7_214_8_SORT_A.png',1,
'MO_03_LMR_20220419_CS_216_8_217_8_SORT_A.png',1,
'MO_03_LMR_20220422_CS_281_5_282_5_SORT_A.png',1,
'MO_03_LMR_20220729_CS_267_5_268_5_SORT_A.png',1,
'MO_03_LMR_20220803_CS_286_9_287_4_SORT_A.png',1,
'MO_03_LMR_20220803_CS_298_0_298_5_SORT_A.png',1,
'MO_03_LMR_20220805_CS_281_5_282_5_SORT_A.png',1,
'MO_03_LMR_20230417_CS_286_3_287_1_SORT_A.png',1,
'MO_03_LMR_20230427_CS_286_5_287_0_SORT_A.png',1,
'MO_03_LMR_20230508_CS_286_5_287_0_SORT_A.png',1,
'MO_03_LMR_20230526_CS_275_0_276_0_SORT_A.png',3,
'MO_03_LMR_20230531_CS_284_0_285_0_SORT_A.png',1,
'MO_03_LMR_20230615_CS_286_5_287_0_SORT_A.png',1,
'MO_03_LMR_20230621_CS_275_0_276_0_SORT_A.png',2,
'MO_03_LMR_20230718_CS_284_0_284_6_SORT_A.png',3,
'MO_03_LMR_20230718_CS_286_5_287_0_SORT_A.png',1,
'MO_03_LMR_20230720_CS_274_0_275_0_SORT_A.png',3,
'MO_03_LMR_20230725_CS_244_8_245_5_SORT_A.png',1,
'MO_03_LMR_20230725_CS_248_0_248_5_SORT_A.png',1,
'MO_03_LMR_20230727_CS_208_0_208_5_SORT_A.png',1,
'MO_03_LMR_20230728_CS_286_5_287_0_SORT_A.png',1,
'MO_03_LMR_20230808_CS_266_5_267_5_SORT_A.png',1,
'MO_03_LMR_20230808_CS_267_5_268_2_SORT_A.png',1,
'MO_03_LMR_20230809_CS_275_0_276_0_SORT_A.png',3,
'MO_03_LMR_20230814_CS_270_0_271_0_SORT_A.png',1,
'MO_03_LMR_20230829_CS_244_7_245_0_SORT_A.png',1,
'MO_03_LMR_20230829_CS_246_6_249_0_SORT_A.png',1,
'MO_03_LMR_20230914_CS_237_4_238_5_SORT_A.png',1,
'MO_03_LMR_20230922_CS_298_0_298_6_SORT_A.png',1,
'MO_03_LMR_20231016_CS_298_0_299_0_SORT_A.png',1,
'MO_03_LMR_20231101_CS_284_0_285_0_SORT_A.png',1,
'MO_03_LMR_20231101_CS_286_5_287_0_SORT_A.png',1,
'MO_03_LMR_20240412_CS_286_2_286_6_SORT_A.png',1,
'MO_03_LMR_20240422_CS_289_5_290_5_SORT_A.png',1,
'MO_03_LMR_20240620_CS_280_1_281_0_SORT_A.png',1,
'MO_03_LMR_20240806_CS_213_7_214_8_SORT_A.png',1,
'MO_03_LMR_20240806_CS_216_8_217_8_SORT_A.png',3,
'MO_03_LMR_20240807_CS_286_0_286_8_SORT_A.png',1,
'MO_03_LMR_20240807_CS_289_5_290_5_SORT_A.png',3,
'MO_03_LMR_20240808_CS_301_2_302_2_SORT_A.png',3,
'MO_03_LMR_20240809_CS_297_0_298_0_SORT_A.png',1,
'MO_03_LMR_20240813_CS_285_8_286_8_SORT_A.png',1,
'MO_03_LMR_20240813_CS_289_5_290_5_SORT_A.png',3,
'MO_03_LMR_20240823_CS_281_5_282_5_SORT_A.png',3,
'MO_03_LMR_20240823_CS_297_0_298_0_SORT_A.png',1,
'MO_03_LMR_20240823_CS_298_0_299_0_SORT_A.png',3,
'MO_03_LMR_20240912_CS_270_5_271_0_SORT_A.png',1,
'MO_03_LMR_20240918_CS_289_0_289_5_SORT_A.png',1,
'MO_03_LMR_20240918_CS_289_5_289_0_SORT_A.png',1,
'MO_03_LMR_20240919_CS_289_5_290_5_SORT_A.png',2,
'MO_03_LMR_20241007_CS_207_0_208_0_SORT_A.png',3,
'MO_03_LMR_20241009_CS_264_0_265_0_SORT_A.png',1,
'MO_03_LMR_20241016_CS_206_7_207_7_SORT_A.png',1,
'MO_03_LMR_20241025_CS_211_0_212_0_SORT_A.png',1,
'MO_03_LMR_20250409_CS_290_0_291_0_SORT_A.png',1,
'MO_03_LMR_20250429_CS_289_0_290_0_SORT_A.png',1,
'MO_03_LMR_20250430_CS_290_0_291_0_SORT_A.png',1,
'MO_04_LMR_20230623_CS_317_5_318_5_SORT_A.png',2,
'MO_04_LMR_20230720_CS_319_5_320_0_SORT_A.png',1,
'MO_04_LMR_20230825_CS_317_9_318_5_SORT_A.png',2,
'MO_04_LMR_20230828_CS_319_4_320_1_SORT_A.png',1,
'MO_04_LMR_20231107_CS_319_5_320_1_SORT_A.png',1,
'MO_04_LMR_20231113_CS_319_3_320_0_SORT_A.png',1,
'MO_04_LMR_20240417_CS_316_4_317_2_SORT_A.png',1,
'MO_04_LMR_20240417_CS_319_0_320_0_SORT_A.png',1,
'MO_04_LMR_20240808_CS_324_0_325_0_SORT_A.png',1,
'MO_04_LMR_20240813_CS_301_2_302_2_SORT_A.png',3,
'MO_04_LMR_20240814_CS_317_0_318_0_SORT_A.png',2,
'MO_04_LMR_20240814_CS_324_0_325_0_SORT_A.png',1,
'MO_04_LMR_20240816_CS_316_4_317_0_SORT_A.png',3,
